0,FLINDERS STREET,FLINDERS LANE
1,QUEEN STREET,ELIZABETH STREET
2,ELIZABETH STREET,SWANSTON STREET
3,LITTLE BOURKE STREET,BOURKE STREET
4,COLLINS STREET,BRENTANI WAY
5,COLLINS STREET,FLINDERS LANE
6,LITTLE LONSDALE STREET,LONSDALE STREET
7,CITY ROAD,KAVANAGH STREET
8,LONSDALE STREET,LITTLE BOURKE STREET
9,WILLIAM STREET,QUEEN STREET
10,LA TROBE STREET,LITTLE LONSDALE STREET
11,DODDS STREET,WELLS STREET
12,BRENTANI WAY,MCCRAE STREET
13,VICTORIA STREET,LA TROBE STREET
14,LA TROBE STREET,BOURKE STREET
15,COVENTRY STREET,DORCAS STREET
16,GISBORNE STREET,LANSDOWNE STREET
17,KING STREET,SPENCER STREET
18,LANSDOWNE STREET,EADES STREET
19,MILTON STREET,WILLIAM STREET
20,RUSSELL STREET,VICTORIA STREET
21,MACARTHUR STREET,LANSDOWNE STREET
22,SWANSTON STREET,RUSSELL STREET
23,EXHIBITION STREET,SPRING STREET
24,WELLS STREET,ST KILDA ROAD
25,GEOGRAPHE STREET,ENTERPRIZE WAY
26,FISHPLATE LANE,COLLINS STREET
27,QUEENSBERRY STREET,VICTORIA STREET
28,MORRISON PLACE,LANSDOWNE STREET
29,LITTLE COLLINS STREET,COLLINS STREET
30,KINGS WAY,DODDS STREET
31,RUSSELL STREET,EXHIBITION STREET
32,KING STREET,WILLIAM STREET
33,SWANSTON STREET,CARDIGAN STREET
34,BOURKE STREET,LITTLE COLLINS STREET
35,COBDEN STREET,VICTORIA STREET
36,HARBOUR ESPLANADE,GEOGRAPHE STREET
37,BOURKE STREET,FISHPLATE LANE
38,KINGS WAY,POWER STREET
39,JOLIMONT ROAD,CLARENDON STREET
40,ALBERT STREET,CATHEDRAL PLACE
41,ERROL STREET,LEVESON STREET
42,DODDS STREET,STURT STREET
43,GISBORNE STREET,ST ANDREWS PLACE
44,COLLINS STREET,BOURKE STREET
45,DOEPEL WAY,RAKAIA WAY
46,VICTORIA STREET,WALSH STREET
47,A'BECKETT STREET,LA TROBE STREET
48,DOCKLANDS DRIVE,OBSERVATION DRIVE
49,WATERFRONT WAY,FOOTSCRAY ROAD
50,SPRING STREET,LANSDOWNE STREET
51,PEEL STREET,QUEENSBERRY STREET
52,BOURKE STREET,WATERVIEW WALK
53,WALSH STREET,DUDLEY STREET
54,KEERA WAY,ENCOUNTER WAY
55,HARBOUR ESPLANADE,DIGITAL DRIVE
56,CAPTAIN WALK,ENTERPRIZE WAY
57,HARBOUR ESPLANADE,WURUNDJERI WAY
58,O'CONNELL STREET,VICTORIA STREET
59,NICHOLSON STREET,GISBORNE STREET
60,BALSTON STREET,POWER STREET
61,KING STREET,HAWKE STREET
62,DOCKLANDS DRIVE,CARAVEL LANE
63,CHETWYND STREET,HOWARD STREET
64,KAVANAGH STREET,FAWKNER STREET
65,ELGIN STREET,COLLEGE CRESCENT
66,THERRY STREET,FRANKLIN STREET
67,DOCKLANDS DRIVE,LITTLE DOCKLANDS DRIVE
68,BOURKE STREET,VICTORIA HARBOUR PROMENADE
69,GRATTAN STREET,COLLEGE CRESCENT
70,CAPEL STREET,PEEL STREET
71,SEAFARER LANE,BOURKE STREET
72,LITTLE DOCKLANDS DRIVE,FOOTSCRAY ROAD
73,VICTORIA PARADE,LONSDALE STREET
74,MERCHANT STREET,CUMBERLAND STREET
75,ST ANDREWS PLACE,WELLINGTON PARADE
76,LYGON STREET,DRUMMOND STREET
77,PEARL RIVER ROAD,WATERFRONT WAY
78,BAUDIN LANE,DOCKLANDS DRIVE
79,VICTORIA STREET,WILLIAM STREET
80,ENCOUNTER WAY,BOURKE STREET
81,HOTHAM STREET,GEORGE STREET
82,SAINT MANGOS LANE,AQUITANIA WAY
83,AURORA LANE,WURUNDJERI WAY
84,GREY STREET,GIPPS STREET
85,HOWARD STREET,CAPEL STREET
86,SOUTHBANK BOULEVARD,GRANT STREET
87,RIVERSIDE QUAY,CITY ROAD
88,SOUTHBANK BOULEVARD,MILES STREET
89,MERCHANT STREET,SEAFARER LANE
90,JEFFCOTT STREET,LA TROBE STREET
91,BOURKE STREET,BATMANS HILL DRIVE
92,FRANKLIN STREET,A'BECKETT STREET
93,ALBERT STREET,GREY STREET
94,LEVEN AVENUE,DOCKLANDS DRIVE
95,GISBORNE STREET,MORRISON PLACE
96,SPENCER STREET,BATMANS HILL DRIVE
97,BATMAN STREET,JEFFCOTT STREET
98,IMPORT LANE,MERCHANT STREET
99,HARBOUR ESPLANADE,NAVIGATION DRIVE
100,DOCKLANDS DRIVE,NEWQUAY PROMENADE
101,KING STREET,MILTON STREET
102,GRANT STREET,MILES STREET
103,ST KILDA ROAD,DODDS STREET
104,PEARL RIVER ROAD,WATTLE ROAD
105,COVENTRY STREET,WADEY STREET
106,COLLINS STREET,WURUNDJERI WAY
107,HARBOUR ESPLANADE,COLLINS STREET
108,GEORGE STREET,WELLINGTON PARADE
109,EADES STREET,CLARENDON STREET
110,WILLIAM STREET,ROSSLYN STREET
111,NAVIGATION DRIVE,MERCHANT STREET
112,VICTORIA STREET,RODEN STREET
113,CUMBERLAND STREET,WATERSIDE PLACE
114,GIPPS STREET,HOTHAM STREET
115,PEEL STREET,COBDEN STREET
116,WATERFRONT WAY,SAINT MANGOS LANE NORTH
117,ALBERT STREET,SPRING STREET
118,O'CONNELL STREET,ELIZABETH STREET
119,VICTORIA STREET,STANLEY STREET
120,LEVESON STREET,CHETWYND STREET
121,QUEENSBERRY STREET,ELM STREET
122,MOORE STREET,STURT STREET
123,HOWARD STREET,WILLIAM STREET
124,VICTORIA PARADE,LITTLE LONSDALE STREET
125,RAKAIA WAY,SAINT MANGOS LANE
126,BATMANS HILL DRIVE,HARBOUR ESPLANADE
127,STURT STREET,KAVANAGH STREET
128,CARAVEL LANE,NEWQUAY PROMENADE
129,SOUTHBANK BOULEVARD,STURT STREET
130,BATMANS HILL DRIVE,VILLAGE STREET
131,ENTERPRIZE WAY,MERCHANT STREET
132,GEORGIANA STREET,VILLAGE STREET
133,LOTHIAN STREET,ABBOTSFORD STREET
134,COLLINS STREET,KEERA WAY
135,LOTHIAN STREET,LOTHIAN STREET
136,O'CONNELL STREET,QUEENSBERRY STREET
137,NAVIGATION DRIVE,GEOGRAPHE STREET
138,SOUTHBANK BOULEVARD,FANNING STREET
139,SWANSTON STREET,VICTORIA STREET
140,MAYFIELD PLACE,COLLINS STREET
141,PEEL STREET,O'CONNELL STREET
142,DOEPEL WAY,PEARL RIVER ROAD
143,CATHEDRAL PLACE,ST ANDREWS PLACE
144,BOURKE STREET,MAYFIELD PLACE
145,ABBOTSFORD STREET,CURZON STREET
146,COLLINS STREET,MCCRAE STREET
147,MALONEY STREET,CALWELL STREET
148,MOORE STREET,KAVANAGH STREET
149,QUEENSBERRY STREET,VICTORIA PARADE
150,ELM STREET,VICTORIA STREET
151,PROVOST STREET,QUEENSBERRY STREET
152,SEAFARER LANE,WATERSIDE PLACE
