1171,QUEEN STREET,0
856,LA TROBE STREET,1
681,FRANKLIN STREET,2
1288,SPRING STREET,3
1383,VILLAGE STREET,4
647,EXHIBITION STREET,5
60,BALSTON STREET,7
1428,WILLIAM STREET,8
911,LITTLE COLLINS STREET,9
839,KING STREET,10
1285,SPENCER STREET,12
547,COVENTRY STREET,7
894,LONSDALE STREET,13
1221,RUSSELL STREET,2
753,HARBOUR ESPLANADE,4
1416,WELLS STREET,7
178,CATHEDRAL PLACE,15
818,JEFFCOTT STREET,16
16,ALBERT STREET,17
614,DUDLEY STREET,18
941,MACKENZIE STREET,6
1290,ST ANDREWS PLACE,15
907,LITTLE BOURKE STREET,3
728,GRANT STREET,7
123,BOURKE STREET,4
641,ERROL STREET,18
670,FLINDERS STREET,20
669,FLINDERS LANE,22
597,DORCAS STREET,7
627,ELIZABETH STREET,26
655,FARADAY STREET,27
926,LITTLE LONSDALE STREET,19
1062,O'CONNELL STREET,28
5,A'BECKETT STREET,1
79,BATMANS HILL DRIVE,4
202,CITY ROAD,7
1413,WELLINGTON PARADE,15
869,LANSDOWNE STREET,15
1175,QUEENSBERRY STREET,18
1090,PARLIAMENT PLACE,15
998,MERCHANT STREET,4
164,CARAVEL LANE,4
1460,MARMION PLACE,4
1097,PEARL RIVER ROAD,4
1381,VICTORIA STREET,18
915,LITTLE DOCKLANDS DRIVE,4
78,BATMAN STREET,16
612,DRYBURGH STREET,18
163,CAPEL STREET,18
697,GEOGRAPHE STREET,4
520,COBDEN STREET,28
706,GISBORNE STREET,15
828,KAVANAGH STREET,7
528,COLLINS STREET,0
1183,RAKAIA WAY,4
1214,ROSSLYN STREET,18
1278,SOUTHBANK BOULEVARD,7
957,MARKET STREET,30
1329,SWANSTON STREET,27
881,LEVESON STREET,18
1228,SAINT MANGOS LANE NORTH,4
1101,PEEL STREET,28
1433,WILLS STREET,11
1218,ROYAL PARADE,27
1398,WATERFRONT WAY,4
1102,PELHAM STREET,33
590,DOCKLANDS DRIVE,4
192,CHETWYND STREET,18
1346,THERRY STREET,29
511,CLARENDON STREET,17
798,HOWARD STREET,18
1241,SEAFARER LANE,4
968,MAYFIELD PLACE,4
591,DODDS STREET,7
1323,STURT STREET,7
1400,WATERVIEW WALK,4
1405,WATTLE ROAD,4
1294,ST KILDA ROAD,7
1227,SAINT MANGOS LANE,4
638,ENTERPRIZE WAY,4
592,DOEPEL WAY,4
1391,WALSH STREET,18
200,CHURCH STREET,25
49,AURORA LANE,4
1043,NAVIGATION DRIVE,4
1157,PRINCESS STREET,28
880,LEVEN AVENUE,4
1054,NICHOLSON STREET,15
562,CURZON STREET,18
1007,MILES STREET,7
617,EADES PLACE,18
36,AQUITANIA WAY,4
1457,FISHPLATE LANE,4
974,MCCRAE STREET,4
48,AUGUSTA AVENUE,4
810,IMPORT LANE,4
131,BRENTANI WAY,4
558,CUMBERLAND STREET,4
826,KARLSRUHE LANE,4
917,LITTLE DRYBURGH STREET SOUTH,18
656,FAWKNER STREET,7
116,BOND STREET,0
33,ANTHONY STREET,1
701,GEORGIANA STREET,4
585,DEVENEY STREET,34
